director,href,director_birthYr,director_cn
Éric Rohmer,https://www.imdb.com//name/nm0006445/,1920-4-4,"Tulle, Corrèze, France"
Laurie Anderson,https://www.imdb.com//name/nm0002173/,1947-6-5,"Glen Ellyn, Illinois, USA"
Patricio Guzmán,https://www.imdb.com//name/nm0350099/,1941-8-11,"Santiago, Chile"
Terry Zwigoff,https://www.imdb.com//name/nm0959062/,1949-5-18,"Appleton, Wisconsin, USA"
Mark Neveldine,https://www.imdb.com//name/nm0004410/,1973-5-11,"Watertown, New York, USA"
Jiang Wen,https://www.imdb.com//name/nm0422638/,1963-1-5,"Tangshan, China"
Andrew Lau,https://www.imdb.com//name/nm0490487/,1960-4-4,Hong Kong
Valeska Grisebach,https://www.imdb.com//name/nm1007136/,1968-1-4,"Bremen, West Germany [now Germany]"
Clint Eastwood,https://www.imdb.com//name/nm0000142/,1930-5-31,"San Francisco, California, USA"
Jean-Marie Téno,https://www.imdb.com//name/nm0879403/,1954-5-14,"Famleng, Cameroon"
 Luc Dardenne,https://www.imdb.com//name/nm0201095/,1954-3-10,"Awirs, Wallonia, Belgium"
Asif Kapadia,https://www.imdb.com//name/nm0438090/,1972-0-0,"Hackney, London, England, UK"
Trey Parker,https://www.imdb.com//name/nm0005295/,1969-10-19,"Conifer, Colorado, USA"
Apichatpong Weerasethakul,https://www.imdb.com//name/nm0917405/,1970-7-16,"Bangkok, Thailand"
Ava DuVernay,https://www.imdb.com//name/nm1148550/,1972-8-24,"Long Beach, California, USA"
Marcelo Gomes,https://www.imdb.com//name/nm1103123/,1963-10-28,"Recife, Pernambuco, Brazil"
Wang Bing,https://www.imdb.com//name/nm1504063/,1967-0-0,"Xi'an, Shaanxi, China"
Michelangelo Antonioni,https://www.imdb.com//name/nm0000774/,1912-9-29,"Ferrara, Emilia-Romagna, Italy"
Lee Chang-dong,https://www.imdb.com//name/nm0496969/,1954-4-1,"Daegu, South Korea"
Alain Guiraudie,https://www.imdb.com//name/nm0347492/,1964-7-15,"Villefranche-de-Rouergue, Aveyron, France"
Rachid Bouchareb,https://www.imdb.com//name/nm0098953/,1959-9-1,"Paris, France"
Philippe Garrel,https://www.imdb.com//name/nm0308042/,1948-4-6,"Paris, France"
Ramin Bahrani,https://www.imdb.com//name/nm1023919/,1975-3-20,"North Carolina, USA"
Chantal Akerman,https://www.imdb.com//name/nm0001901/,1950-6-6,"Brussels, Belgium"
Lars von Trier,https://www.imdb.com//name/nm0001885/,1956-4-30,"Copenhagen, Denmark"
Ridley Scott,https://www.imdb.com//name/nm0000631/,1937-11-30,"South Shields, County Durham, England, UK"
Cristi Puiu,https://www.imdb.com//name/nm1090998/,1967-4-3,"Bucharest, Romania"
Paul Feig,https://www.imdb.com//name/nm0082450/,1962-9-17,"Mount Clemens, Michigan, USA"
Tomas Alfredson,https://www.imdb.com//name/nm0019247/,1965-4-1,"Lidingö, Stockholms län, Sweden"
Danièle Huillet,https://www.imdb.com//name/nm0401247/,1936-5-1,"Paris, France"
Tom McGrath,https://www.imdb.com//name/nm0569891/,1964-8-7,"Lynnwood, Washington, USA"
Jean-Claude Brisseau,https://www.imdb.com//name/nm0109885/,1944-7-17,"Paris, France"
Edgar Wright,https://www.imdb.com//name/nm0942367/,1974-4-18,"Poole, Dorset, England, UK"
Paweł Pawlikowski,https://www.imdb.com//name/nm0667734/,1957-9-15,"Warsaw, Mazowieckie, Poland"
Agnès Varda,https://www.imdb.com//name/nm0889513/,1928-5-30,"Ixelles, Belgium"
Wes Anderson,https://www.imdb.com//name/nm0027572/,1969-5-1,"Houston, Texas, USA"
Abbas Kiarostami,https://www.imdb.com//name/nm0452102/,1940-6-22,"Tehran, Iran"
Duncan Jones,https://www.imdb.com//name/nm1512910/,1971-5-30,"Bromley, Kent, England, UK"
Yann Arthus-Bertrand,https://www.imdb.com//name/nm0037867/,1946-3-13,"Paris, France"
Newton I. Aduaka,https://www.imdb.com//name/nm0012529/,1966-0-0,"Ogidi, Nigeria"
Thom Andersen,https://www.imdb.com//name/nm0026263/,1943-0-0,"Chicago, Illinois, USA"
Eric Darnell,https://www.imdb.com//name/nm0201509/,1961-8-21,"Prairie Village, Kansas, USA"
Kleber Mendonça Filho,https://www.imdb.com//name/nm2207625/,1968-0-0,"Recife, Pernambuco, Brazil"
Aleksandr Sokurov,https://www.imdb.com//name/nm0812546/,1951-6-14,"Podorvikha, Irkutskaya oblast, RSFSR, USSR [now Russia]"
Béla Tarr ,https://www.imdb.com//name/nm0850601/,1955-7-21,"Pécs, Hungary"
Karim Aïnouz,https://www.imdb.com//name/nm0014694/,1966-1-17,"Fortaleza, Ceará, Brazil"
Ken Jacobs,https://www.imdb.com//name/nm0414499/,1933-5-25,"Williamsburg, Brooklyn, New York City, New York, USA"
Harmony Korine,https://www.imdb.com//name/nm0005101/,1973-1-4,"Bolinas, California, USA"
Frederick Wiseman,https://www.imdb.com//name/nm0936464/,1930-1-1,"Boston, Massachusetts, USA"
Richard Linklater,https://www.imdb.com//name/nm0000500/,1960-7-30,"Houston, Texas, USA"
Steven Knight,https://www.imdb.com//name/nm1140275/,1959-0-0,"Marlborough, England, UK"
Tony Gilroy,https://www.imdb.com//name/nm0006904/,1956-9-11,"Manhattan, New York City, New York, USA"
Joe Cornish,https://www.imdb.com//name/nm0180428/,1968-12-20,"London, England, UK"
Adam McKay,https://www.imdb.com//name/nm0570912/,1968-4-17,"Philadelphia, Pennsylvania, USA"
Olivier Assayas,https://www.imdb.com//name/nm0000801/,1955-1-25,"Paris, France"
Jacques Rivette,https://www.imdb.com//name/nm0729626/,1928-3-1,"Rouen, Seine-Inférieure [now Seine-Maritime], France"
Andrzej Zulawski,https://www.imdb.com//name/nm0958558/,1940-11-22,"Lwów, Lwowskie, Poland [now Lviv, Ukraine]"
Joanna Hogg,https://www.imdb.com//name/nm0389712/,1960-3-20,"London, England, UK"
David Fincher,https://www.imdb.com//name/nm0000399/,1962-8-28,"Denver, Colorado, USA"
Maren Ade,https://www.imdb.com//name/nm0011752/,1976-12-12,"Karlsruhe, Baden-Württemberg, Germany"
Mira Nair,https://www.imdb.com//name/nm0619762/,1957-10-15,"Bhubaneshwar, Orissa, India"
Denis Villeneuve,https://www.imdb.com//name/nm0898288/,1967-10-3,"Trois-Rivières, Québec, Canada"
Francis Ford Coppola,https://www.imdb.com//name/nm0000338/,1939-4-7,"Detroit, Michigan, USA"
Stephen Chow,https://www.imdb.com//name/nm0159507/,1962-6-22,Hong Kong
Jean-Charles Fitoussi,https://www.imdb.com//name/nm0280083/,1970-6-1,"Tours, France"
Destin Daniel Cretton,https://www.imdb.com//name/nm2308774/,1978-11-23,"Maui, Hawaii, USA"
Rajat Kapoor,https://www.imdb.com//name/nm0438494/,1961-2-11,"New Delhi, India"
Wayne Blair,https://www.imdb.com//name/nm0992370/,1971-11-28,"Taree, New South Wales, Australia"
Jean-Gabriel Périot,https://www.imdb.com//name/nm1516014/,1974-0-0,"Bellac, Haute-Vienne, France"
Andrzej Wajda,https://www.imdb.com//name/nm0906667/,1926-3-6,"Suwalki, Podlaskie, Poland"
Jennifer Kent,https://www.imdb.com//name/nm0448768/,1969-0-0,"Brisbane, Queensland, Australia"
Lav Diaz,https://www.imdb.com//name/nm0225010/,1958-12-30,"Datu Paglas, Maguindanao, Mindanao, Philippines"
Michel Gondry,https://www.imdb.com//name/nm0327273/,1963-5-8,"Versailles, Seine-et-Oise [now Yvelines], France"
Charles Burnett,https://www.imdb.com//name/nm0122344/,1944-4-13,"Vicksburg, Mississippi, USA"
Juan José Campanella,https://www.imdb.com//name/nm0002728/,1959-7-19,"Buenos Aires, Argentina"
Nicolas Winding Refn,https://www.imdb.com//name/nm0716347/,1970-9-29,"Copenhagen, Denmark"
Cary Joji Fukunaga,https://www.imdb.com//name/nm1560977/,1977-7-10,"Oakland, California, USA"
Derek Cianfrance,https://www.imdb.com//name/nm0161834/,1974-1-23,"Lakewood, Colorado, USA"
Paolo Sorrentino,https://www.imdb.com//name/nm0815204/,1970-5-31,"Naples, Campania, Italy"
Zhang Yimou,https://www.imdb.com//name/nm0955443/,1951-11-14,"Xi'an, Shaanxi, China"
Evan Goldberg,https://www.imdb.com//name/nm1698571/,1982-5-11,"Vancouver, British Columbia, Canada"
Darren Aronofsky,https://www.imdb.com//name/nm0004716/,1969-2-12,"Brooklyn, New York City, New York, USA"
Vikramaditya Motwane,https://www.imdb.com//name/nm0003939/,1976-12-6,"Bombay, India"
Spike Jonze,https://www.imdb.com//name/nm0005069/,1969-10-22,"Rockville, Maryland, USA"
Marjane Satrapi,https://www.imdb.com//name/nm2277869/,1969-11-22,"Rasht, Iran"
Alejandro González Iñárritu,https://www.imdb.com//name/nm0327944/,1963-8-15,"Mexico City, Distrito Federal, Mexico"
Jean-Pierre Jeunet,https://www.imdb.com//name/nm0000466/,1953-9-3,"Roanne, Loire, Rhône-Alpes, France"
Abdellatif Kechiche,https://www.imdb.com//name/nm0444244/,1960-12-7,"Tunis, Tunisia"
Manoel de Oliveira,https://www.imdb.com//name/nm0210701/,1908-12-11,"Oporto, Portugal"
Stephen Frears,https://www.imdb.com//name/nm0001241/,1941-6-20,"Leicester, Leicestershire, England, UK"
Michael Winterbottom,https://www.imdb.com//name/nm0935863/,1961-3-29,"Blackburn, Lancashire, England, UK"
Andrew Stanton ,https://www.imdb.com//name/nm0004056/,1965-12-3,"Boston, Massachusetts, USA"
Ulrich Seidl,https://www.imdb.com//name/nm0782430/,1952-11-24,"Vienna, Austria"
Ben Wheatley,https://www.imdb.com//name/nm1296554/,1972-5-0,"Billericay, Essex, England, UK"
Courtney Hunt,https://www.imdb.com//name/nm2581581/,1964-0-0,"Memphis, Tennessee, USA"
Joss Whedon,https://www.imdb.com//name/nm0923736/,1964-6-23,"New York City, New York, USA"
Jason Reitman,https://www.imdb.com//name/nm0718646/,1977-10-19,"Montreal, Quebec, Canada"
Lukas Moodysson,https://www.imdb.com//name/nm0600546/,1969-1-17,"Malmö, Skåne län, Sweden"
Charlie Kaufman,https://www.imdb.com//name/nm0442109/,1958-11-19,"New York City, New York, USA"
Eytan Fox,https://www.imdb.com//name/nm0297202/,1964-8-21,"New York City, New York, USA"
Aleksey German,https://www.imdb.com//name/nm0314516/,1938-7-20,"Leningrad, Russian SFSR, USSR [now St. Petersburg, Russia]"
Satoshi Kon,https://www.imdb.com//name/nm0464804/,1963-10-12,"Sapporo, Hokkaido, Japan"
Michael Bay,https://www.imdb.com//name/nm0000881/,1965-2-17,"Los Angeles, California, USA"
Robert Zemeckis,https://www.imdb.com//name/nm0000709/,1951-5-14,"Chicago, Illinois, USA"
John Crowley,https://www.imdb.com//name/nm1259871/,1969-8-19,"Cork, Ireland"
Abderrahmane Sissako,https://www.imdb.com//name/nm0803066/,1961-10-13,"Kiffa, Mauritania"
Werner Herzog,https://www.imdb.com//name/nm0001348/,1942-9-5,"Munich, Bavaria, Germany"
François Ozon,https://www.imdb.com//name/nm0654830/,1967-11-15,"Paris, France"
Hou Hsiao-hsien,https://www.imdb.com//name/nm0396284/,1947-4-8,"Meixian, Guangdong, China"
Shane Meadows,https://www.imdb.com//name/nm0276349/,1972-12-26,"Uttoxeter, Staffordshire, England, UK"
Jafar Panahi,https://www.imdb.com//name/nm0070159/,1960-7-11,"Mianeh, Azarbaijan Province, Iran"
Brad Bird,https://www.imdb.com//name/nm0083348/,1957-9-24,"Kalispell, Montana, USA"
David O. Russell,https://www.imdb.com//name/nm0751102/,1958-8-20,"Manhattan, New York City, New York, USA"
Steven Soderbergh,https://www.imdb.com//name/nm0001752/,1963-1-14,"Atlanta, Georgia, USA"
Robert Greene,https://www.imdb.com//name/nm1914992/,1976-5-25,"Charlotte, North Carolina, USA"
Fabián Bielinsky,https://www.imdb.com//name/nm0081433/,1959-2-3,"Buenos Aires, Argentina"
Sean Baker,https://www.imdb.com//name/nm0048918/,1971-0-0,"New York City, New York, USA"
Andrew Adamson,https://www.imdb.com//name/nm0011470/,1966-12-1,"Auckland, New Zealand"
Shane Black,https://www.imdb.com//name/nm0000948/,1961-12-16,"Pittsburgh, Pennsylvania, USA"
Spike Lee,https://www.imdb.com//name/nm0000490/,1957-3-20,"Atlanta, Georgia, USA"
Christopher Guest,https://www.imdb.com//name/nm0001302/,1948-2-5,"New York City, New York, USA"
Quentin Tarantino,https://www.imdb.com//name/nm0000233/,1963-3-27,"Knoxville, Tennessee, USA"
Annemarie Jacir,https://www.imdb.com//name/nm1486975/,1974-1-17,"Bethlehem, Palestine"
Luc Dardenne,https://www.imdb.com//name/nm0201095/,1954-3-10,"Awirs, Wallonia, Belgium"
Michael Haneke,https://www.imdb.com//name/nm0359734/,1942-3-23,"Munich, Bavaria, Germany"
Ronit Elkabetz,https://www.imdb.com//name/nm0253813/,1964-11-27,"Beersheba, Israel"
George Clooney,https://www.imdb.com//name/nm0000123/,1961-5-6,"Lexington, Kentucky, USA"
Yervant Gianikian,https://www.imdb.com//name/nm0316214/,1942-0-0,"Meran, Tyrol, Austria-Hungary [now Merano, Alto Adige, Italy]"
Raoul Peck,https://www.imdb.com//name/nm0669704/,1953-0-0,"Port-au-Prince, Haiti"
John Akomfrah,https://www.imdb.com//name/nm0015497/,1957-0-0,"London, England, UK"
Kim Jee-woon,https://www.imdb.com//name/nm0453518/,1964-5-27,"Seoul, South Korea"
Baz Luhrmann,https://www.imdb.com//name/nm0525303/,1962-9-17,"New South Wales, Australia"
Martin Campbell,https://www.imdb.com//name/nm0132709/,1943-10-24,"Hastings, New Zealand"
Naji Abou Nowar,https://www.imdb.com//name/nm3578681/,1981-0-0,"Oxford, Oxfordshire, England, UK"
Gaspar Noé,https://www.imdb.com//name/nm0637615/,1963-12-27,"Buenos Aires, Argentina"
Alexander Payne,https://www.imdb.com//name/nm0668247/,1961-2-10,"Omaha, Nebraska, USA"
Bouli Lanners,https://www.imdb.com//name/nm0099521/,1965-5-20,"Moresnet-Chapelle, Belgium"
Miguel Arteta,https://www.imdb.com//name/nm0037708/,1965-0-0,"San Juan, Puerto Rico"
Eran Kolirin,https://www.imdb.com//name/nm0464115/,1973-11-4,"Holon, Israel"
Travis Wilkerson,https://www.imdb.com//name/nm1288933/,1969-0-0,"Denver, Colorado, USA"
Sam Mendes,https://www.imdb.com//name/nm0005222/,1965-8-1,"Reading, Berkshire, England, UK"
Tom Ford,https://www.imdb.com//name/nm1053530/,1961-8-27,"Austin, Texas, USA"
Gareth Edwards,https://www.imdb.com//name/nm2284484/,1975-6-1,"Nuneaton, Warwickshire, England, UK"
Mary Harron,https://www.imdb.com//name/nm0366004/,1953-1-12,"Bracebridge, Ontario, Canada"
Park Chan-wook,https://www.imdb.com//name/nm0661791/,1963-8-23,"Seoul, South Korea"
Michael Moore,https://www.imdb.com//name/nm0601619/,1954-4-23,"Flint, Michigan, USA"
Philippe Grandrieux,https://www.imdb.com//name/nm0334930/,1954-0-0,"Saint-Étienne, Loire, Rhône-Alpes, France"
Sofia Coppola,https://www.imdb.com//name/nm0001068/,1971-5-14,"New York City, New York, USA"
Nina Paley,https://www.imdb.com//name/nm1315434/,1968-5-3,"Champaign, Illinois, USA"
Rob Marshall,https://www.imdb.com//name/nm0551128/,1960-10-17,"Madison, Wisconsin, USA"
Christopher Nolan,https://www.imdb.com//name/nm0634240/,1970-7-30,"London, England, UK"
László Nemes,https://www.imdb.com//name/nm1841577/,1977-2-18,"Budapest, Hungary"
Tony Scott,https://www.imdb.com//name/nm0001716/,1944-6-21,"North Shields, Northumberland, England, UK"
Seth Rogen,https://www.imdb.com//name/nm0736622/,1982-4-15,"Vancouver, British Columbia, Canada"
Aleksey Fedorchenko,https://www.imdb.com//name/nm1922735/,1966-9-29,"Sol-Iletsk, Sol-Iletskiy rayon, Orenburgskaya oblast, RSFSR, USSR [now Russia]"
John Carney,https://www.imdb.com//name/nm0138809/,1972-0-0,"Dublin, Ireland"
Debra Granik,https://www.imdb.com//name/nm0335138/,1963-2-6,"Cambridge, Massachusetts, USA"
Ken Loach,https://www.imdb.com//name/nm0516360/,1936-6-17,"Nuneaton, Warwickshire, England, UK"
Christopher Morris,https://www.imdb.com//name/nm0606439/,1965-9-5,"Bristol, England, UK"
Janie Geiser,https://www.imdb.com//name/nm0312026/,1957-0-0,"Baton Rouge, Louisiana, USA"
Kathryn Bigelow,https://www.imdb.com//name/nm0000941/,1951-11-27,"San Carlos, California, USA"
Michel Hazanavicius,https://www.imdb.com//name/nm0371890/,1967-3-29,"Paris, France"
Whit Stillman,https://www.imdb.com//name/nm0001775/,1952-1-25,"Washington, District of Columbia, USA"
Robert Pulcini,https://www.imdb.com//name/nm0700301/,1964-8-24,"New York City, New York, USA"
Jane Campion,https://www.imdb.com//name/nm0001005/,1954-4-30,"Wellington, New Zealand"
Roman Polanski,https://www.imdb.com//name/nm0000591/,1933-8-18,"Paris, France"
Guy Davidi,https://www.imdb.com//name/nm1519079/,1978-7-9,"Jaffa, Tel Aviv, Israel"
Sidney Lumet,https://www.imdb.com//name/nm0001486/,1924-6-25,"Philadelphia, Pennsylvania, USA"
Stephen Daldry,https://www.imdb.com//name/nm0197636/,1960-5-2,"Dorset, England, UK"
Dibakar Banerjee,https://www.imdb.com//name/nm1962313/,1969-6-21,"New Delhi, India"
Phil Solomon,https://www.imdb.com//name/nm0813409/,1954-1-3,"Manhattan, New York City, New York, USA"
David Silverman,https://www.imdb.com//name/nm0798899/,1957-3-15,"New York City, New York, USA"
David Wain,https://www.imdb.com//name/nm0906476/,1969-8-1,"Shaker Heights, Ohio, USA"
Paolo Benvenuti,https://www.imdb.com//name/nm0073047/,1946-1-30,"Pisa, Tuscany, Italy"
Takeshi Kitano,https://www.imdb.com//name/nm0001429/,1947-1-18,"Tokyo, Japan"
Ari Folman,https://www.imdb.com//name/nm0284369/,1962-12-17,"Haifa, Israel"
Andrew Stanton,https://www.imdb.com//name/nm0004056/,1965-12-3,"Boston, Massachusetts, USA"
George Lucas,https://www.imdb.com//name/nm0000184/,1944-5-14,"Modesto, California, USA"
Tom Hooper,https://www.imdb.com//name/nm0393799/,1972-10-5,"London, England, UK"
Carlos Saura,https://www.imdb.com//name/nm0767022/,1932-1-4,"Huesca, Aragón, Spain"
Lucrecia Martel,https://www.imdb.com//name/nm0551506/,1966-12-14,"Salta, Argentina"
Mike Judge,https://www.imdb.com//name/nm0431918/,1962-10-17,"Guayaquil, Ecuador"
Xavier Beauvois,https://www.imdb.com//name/nm0064741/,1967-3-20,"Auchel, Pas-de-Calais, France"
Terry George,https://www.imdb.com//name/nm0313623/,1952-12-20,"Belfast, Northern Ireland, UK"
Mel Gibson,https://www.imdb.com//name/nm0000154/,1956-1-3,"Peekskill, New York, USA"
Avi Nesher,https://www.imdb.com//name/nm0383605/,1952-12-13,"Ramat Gan, Israel"
Alex Garland,https://www.imdb.com//name/nm0307497/,1970-5-26,"London, England, UK"
Asghar Farhadi,https://www.imdb.com//name/nm1410815/,1972-5-7,"Khomeyni Shahr, Isfahan, Iran"
Ryan Coogler,https://www.imdb.com//name/nm3363032/,1986-5-23,"Oakland, California, USA"
Leos Carax,https://www.imdb.com//name/nm0136021/,1960-11-22,"Suresnes, Seine [now Hauts-de-Seine], France"
Carol Morley,https://www.imdb.com//name/nm1345246/,1966-1-14,"Stockport, Greater Manchester, England, UK"
Ossama Mohammed,https://www.imdb.com//name/nm0611256/,1954-3-21,"Lattakia, Syria"
Ben Rivers,https://www.imdb.com//name/nm4234237/,1972-0-0,"Somerset, England, UK"
Laurent Cantet,https://www.imdb.com//name/nm0134559/,1961-6-15,"Melle, Deux-Sevres, France"
Eric Khoo,https://www.imdb.com//name/nm0451799/,1965-3-27,Singapore
Raoul Ruiz,https://www.imdb.com//name/nm0749914/,1941-7-25,"Puerto Montt, Chile"
Mohamed Diab,https://www.imdb.com//name/nm2559996/,1978-12-7,"Ismailia, Egypt"
Kevin Costner,https://www.imdb.com//name/nm0000126/,1955-1-18,"Lynwood, California, USA"
Ang Lee,https://www.imdb.com//name/nm0000487/,1954-10-23,"Pingtung, Taiwan"
Kim Ki-duk,https://www.imdb.com//name/nm1104118/,1960-12-20,"Bonghwa, South Korea"
Pedro Almodóvar,https://www.imdb.com//name/nm0000264/,1949-9-25,"Calzada de Calatrava, Ciudad Real, Castilla-La Mancha, Spain"
Paul Greengrass,https://www.imdb.com//name/nm0339030/,1955-8-13,"Cheam, Surrey, England, UK"
Céline Sciamma,https://www.imdb.com//name/nm1780037/,1980-11-12,"Pontoise, Val-d'Oise, France"
Joseph Kahn,https://www.imdb.com//name/nm0994538/,1972-10-12,1972
Kenneth Lonergan,https://www.imdb.com//name/nm0518836/,1962-10-16,"New York City, New York, USA"
Jacques Audiard,https://www.imdb.com//name/nm0002191/,1952-4-30,"Paris, France"
Hayao Miyazaki,https://www.imdb.com//name/nm0594503/,1941-1-5,"Tokyo, Japan"
Bong Joon-ho,https://www.imdb.com//name/nm0094435/,1969-9-14,"Daegu, South Korea"
Conrad Vernon,https://www.imdb.com//name/nm0970447/,1968-7-11,"Lubbock, Texas, USA"
Miranda July,https://www.imdb.com//name/nm0432380/,1974-2-15,"Barre, Vermont, USA"
Andrea Arnold,https://www.imdb.com//name/nm0036349/,1961-4-5,"Dartford, Kent, England, UK"
Wolfgang Becker,https://www.imdb.com//name/nm0065615/,1954-6-22,"Hemer, North Rhine-Westphalia, Germany"
Peter Weir,https://www.imdb.com//name/nm0001837/,1944-8-21,"Sydney, New South Wales, Australia"
Greg Mottola,https://www.imdb.com//name/nm0609549/,1964-7-11,"Dix Hills, Long Island, New York, USA"
Peter Mullan,https://www.imdb.com//name/nm0611932/,1959-11-2,"Peterhead, Scotland, UK"
Pablo Berger,https://www.imdb.com//name/nm0074311/,1963-0-0,"Bilbao, Vizcaya, País Vasco, Spain"
Tomm Moore,https://www.imdb.com//name/nm1119079/,1977-1-7,"Newry, Northern Ireland, UK"
Roberto Benigni,https://www.imdb.com//name/nm0000905/,1952-10-27,"Manciano La Misericordia, Castiglion Fiorentino, Tuscany, Italy"
Oliver Schmitz,https://www.imdb.com//name/nm0005628/,1960-11-30,"Cape Town, South Africa"
Wong Kar-wai,https://www.imdb.com//name/nm0939182/,1956-7-17,"Shanghai, China"
Jean-Marie Straub,https://www.imdb.com//name/nm0833708/,1933-1-8,"Metz, Moselle, Lorraine, France"
Jean-Luc Godard,https://www.imdb.com//name/nm0000419/,1930-12-3,"Paris, France"
Peter Jackson,https://www.imdb.com//name/nm0001392/,1961-10-31,"Pukerua Bay, North Island, New Zealand"
Jeff Nichols,https://www.imdb.com//name/nm2158772/,1978-12-7,"Little Rock, Arkansas, USA"
Ingmar Bergman,https://www.imdb.com//name/nm0000005/,1918-7-14,"Uppsala, Uppsala län, Sweden"
David Lynch,https://www.imdb.com//name/nm0000186/,1946-1-20,"Missoula, Montana, USA"
Ousmane Sembène,https://www.imdb.com//name/nm0783733/,1923-1-1,"Ziguenchor, Casamance, Senegal"
Christian Petzold,https://www.imdb.com//name/nm0678857/,1960-9-14,"Hilden, North Rhine-Westphalia, Germany"
Ousmane Sembèène,https://www.imdb.com//name/nm0783733/,1923-1-1,"Ziguenchor, Casamance, Senegal"
Mike Mills,https://www.imdb.com//name/nm0590122/,1966-0-0,"Berkeley, California, USA"
Alain Cavalier,https://www.imdb.com//name/nm0146760/,1931-9-14,"Vendôme, Loir-et-Cher, France"
Mohammad Rasoulof,https://www.imdb.com//name/nm1488024/,1973-0-0,"Shiraz, Iran"
Fatih Akin,https://www.imdb.com//name/nm0015359/,1973-8-25,"Hamburg, West Germany"
Paul Thomas Anderson,https://www.imdb.com//name/nm0000759/,1970-6-26,"Studio City, California, USA"
Jim Jarmusch,https://www.imdb.com//name/nm0000464/,1953-1-22,"Akron, Ohio, USA"
Anurag Kashyap,https://www.imdb.com//name/nm0440604/,1972-9-10,"Gorakhpur, Uttar Pradesh, India"
Xavier Dolan,https://www.imdb.com//name/nm0230859/,1989-3-20,"Montreal, Quebec, Canada"
Joseph Cedar,https://www.imdb.com//name/nm0147737/,1968-8-31,"New York City, New York, USA"
Don Hertzfeldt,https://www.imdb.com//name/nm0381116/,1976-8-1,"Fremont, California, USA"
Jørgen Leth,https://www.imdb.com//name/nm0504654/,1937-6-14,"Århus, Denmark"
Jan Pinkava,https://www.imdb.com//name/nm0684342/,1963-6-21,"Prague, Czechoslovakia [now Czech Republic]"
Terence Davies,https://www.imdb.com//name/nm0203993/,1945-11-10,"Liverpool, England, UK"
Hong Sang-soo,https://www.imdb.com//name/nm0393254/,1960-10-25,"Seoul, Korea"
Marco Bellocchio,https://www.imdb.com//name/nm0069166/,1939-11-9,"Piacenza, Emilia-Romagna, Italy"
J. A. Bayona,https://www.imdb.com//name/nm1291105/,1975-5-9,"Barcelona, Catalonia, Spain"
Fernando Meirelles,https://www.imdb.com//name/nm0576987/,1955-11-9,"São Paulo, São Paulo, Brazil"
Gerhard Benedikt Friedl,https://www.imdb.com//name/nm0295068/,1967-7-21,"Bad Aussee, Styria, Austria"
Danis Tanovic,https://www.imdb.com//name/nm0849786/,1969-2-20,"Zenica, Bosnia and Herzegovina, Yugoslavia"
Nuri Bilge Ceylan,https://www.imdb.com//name/nm0149196/,1959-1-26,"Istanbul, Turkey"
Dan Gilroy,https://www.imdb.com//name/nm0319659/,1959-6-24,"Santa Monica, California, USA"
Larry Charles,https://www.imdb.com//name/nm0153078/,1956-12-1,"Brooklyn, New York City, New York, USA"
Tom McCarthy,https://www.imdb.com//name/nm0565336/,1966-6-7,"New Providence, New Jersey, USA"
Woody Allen,https://www.imdb.com//name/nm0000095/,1935-12-1,"Bronx, New York City, New York, USA"
Béla Tarr,https://www.imdb.com//name/nm0850601/,1955-7-21,"Pécs, Hungary"
Julian Schnabel,https://www.imdb.com//name/nm0773603/,1951-10-26,"Brooklyn, New York, USA"
Catherine Breillat,https://www.imdb.com//name/nm0106924/,1948-7-13,"Bressuire, Deux-Sèvres, France"
 Lee Unkrich,https://www.imdb.com//name/nm0881279/,1967-8-8,"Cleveland, Ohio, USA"
Noah Baumbach,https://www.imdb.com//name/nm0000876/,1969-9-3,"Brooklyn, New York City, New York, USA"
Warwick Thornton,https://www.imdb.com//name/nm0861610/,1970-7-23,"Alice Springs, Northern Territory, Australia"
Alain Gomis,https://www.imdb.com//name/nm0327120/,1972-0-0,"Paris, France"
Joshua Oppenheimer,https://www.imdb.com//name/nm1484791/,1974-9-23,"Texas, USA"
Jonathan Glazer,https://www.imdb.com//name/nm0322242/,1965-3-26,"London, England, UK"
Philip Kaufman,https://www.imdb.com//name/nm0442241/,1936-10-23,"Chicago, Illinois, USA"
Yaron Shani,https://www.imdb.com//name/nm1760871/,1973-0-0,"Tel Aviv, Israel"
Pietro Marcello,https://www.imdb.com//name/nm2754122/,1976-7-2,"Caserta, Campania, Italy"
Mia Hansen-Løve,https://www.imdb.com//name/nm0361135/,1981-2-5,"Paris, France"
Philip Gröning,https://www.imdb.com//name/nm0344973/,1959-4-7,"Düsseldorf, West Germany"
Sion Sono,https://www.imdb.com//name/nm0814469/,1961-12-18,"Toyokawa, Aichi, Japan"
Hany Abu-Assad,https://www.imdb.com//name/nm0009463/,1961-10-11,"Nazareth, Israel"
Roy Andersson,https://www.imdb.com//name/nm0027815/,1943-3-31,"Gothenburg, Västra Götalands län, Sweden"
Todd Haynes,https://www.imdb.com//name/nm0001331/,1961-1-2,"Los Angeles, California, USA"
Patty Jenkins,https://www.imdb.com//name/nm0420941/,1971-7-24,"George Air Force Base, Victorville, California, USA"
Gina Prince-Bythewood,https://www.imdb.com//name/nm0697656/,1969-6-10,USA
Agnieszka Holland,https://www.imdb.com//name/nm0002140/,1948-11-28,"Warsaw, Mazowieckie, Poland"
Royston Tan,https://www.imdb.com//name/nm0848892/,1976-10-5,Singapore
Nanni Moretti,https://www.imdb.com//name/nm0604335/,1953-8-19,"Brunico, Trentino-Alto Adige, Italy"
Claire Denis,https://www.imdb.com//name/nm0219136/,1946-4-21,"Paris, France"
Ngozi Onwurah,https://www.imdb.com//name/nm0648937/,1964-0-0,Nigeria
Steve McQueen,https://www.imdb.com//name/nm0000537/,1930-3-24,"Beech Grove, Indiana, USA"
Franco Piavoli,https://www.imdb.com//name/nm0681311/,1933-6-21,"Pozzolengo, Lombardy, Italy"
Andrew Haigh,https://www.imdb.com//name/nm0354091/,1973-3-7,"Harrogate, North Yorkshire, England, UK"
Boo Junfeng,https://www.imdb.com//name/nm3008853/,1983-12-4,Singapore
Rian Johnson,https://www.imdb.com//name/nm0426059/,1973-12-17,"Silver Spring, Maryland, USA"
Hirokazu Koreeda,https://www.imdb.com//name/nm0466153/,1962-6-6,"Tokyo, Japan"
Duke Johnson,https://www.imdb.com//name/nm2122478/,1979-3-20,"St. Louis, Missouri, USA"
Pedro Costa,https://www.imdb.com//name/nm0182276/,1958-12-30,"Lisbon, Portugal"
Florian Henckel von Donnersmarck,https://www.imdb.com//name/nm0003697/,1973-5-2,"Cologne, North Rhine-Westphalia, Germany"
Agnès Jaoui,https://www.imdb.com//name/nm0418450/,1964-10-19,"Antony, Hauts-de-Seine, France"
Mahamat-Saleh Haroun,https://www.imdb.com//name/nm0757958/,1961-0-0,"Abéché, Chad"
Neill Blomkamp,https://www.imdb.com//name/nm0088955/,1979-9-17,"Johannesburg, South Africa"
Alfonso Cuarón,https://www.imdb.com//name/nm0190859/,1961-11-28,"Mexico City, Distrito Federal, Mexico"
Steven Spielberg,https://www.imdb.com//name/nm0000229/,1946-12-18,"Cincinnati, Ohio, USA"
Richard Curtis,https://www.imdb.com//name/nm0193485/,1956-11-8,"Wellington, New Zealand"
Nanfu Wang,https://www.imdb.com//name/nm6811599/,1985-0-0,"Jiangxi Province, China"
Sarah Polley,https://www.imdb.com//name/nm0001631/,1979-1-8,"Toronto, Ontario, Canada"
Mariano Llinás,https://www.imdb.com//name/nm1183471/,1975-0-0,"Buenos Aires, Argentina"
Michael Mann,https://www.imdb.com//name/nm0000520/,1943-2-5,"Chicago, Illinois, USA"
Edward Yang,https://www.imdb.com//name/nm0945981/,1947-11-6,"Shanghai, China"
Bahman Ghobadi,https://www.imdb.com//name/nm0315842/,1969-2-1,"Baneh, Iran"
Víctor Gaviria,https://www.imdb.com//name/nm0310597/,1955-1-19,"Medellin, Colombia"
Takahisa Zeze,https://www.imdb.com//name/nm0955270/,1960-0-0,"Tochigi, Japan"
Ben Stiller,https://www.imdb.com//name/nm0001774/,1965-11-30,"New York City, New York, USA"
Gus Van Sant,https://www.imdb.com//name/nm0001814/,1952-7-24,"Louisville, Kentucky, USA"
Ashutosh Gowariker,https://www.imdb.com//name/nm0332950/,1953-2-15,"Kolhapur, Maharashtra, India"
Brian De Palma,https://www.imdb.com//name/nm0000361/,1940-9-11,"Newark, New Jersey, USA"
Naomi Kawase,https://www.imdb.com//name/nm0442905/,1969-5-30,"Nara, Japan"
Albert Serra,https://www.imdb.com//name/nm2247200/,1975-0-0,"Banyoles, Girona, Catalonia, Spain"
Arnaud Desplechin,https://www.imdb.com//name/nm0221611/,1960-10-31,"Roubaix, Nord, France"
Benh Zeitlin,https://www.imdb.com//name/nm1022455/,1982-10-14,"Manhattan, New York, USA"
John Cameron Mitchell,https://www.imdb.com//name/nm0593463/,1963-4-21,"El Paso, Texas, USA"
Terrence Malick,https://www.imdb.com//name/nm0000517/,1943-11-30,"Ottawa, Illinois, USA"
Shlomi Elkabetz,https://www.imdb.com//name/nm1729095/,1972-12-5,"Beersheba, Israel"
Nikolaus Geyrhalter,https://www.imdb.com//name/nm0315430/,1972-0-0,"Vienna, Austria"
Pete Docter,https://www.imdb.com//name/nm0230032/,1968-10-9,"Bloomington, Minnesota, USA"
Damien Chazelle,https://www.imdb.com//name/nm3227090/,1985-1-19,"Providence, Rhode Island, USA"
Luca Guadagnino,https://www.imdb.com//name/nm0345174/,1971-8-10,"Palermo, Sicily, Italy"
Nick Cassavetes,https://www.imdb.com//name/nm0001024/,1959-5-21,"New York City, New York, USA"
Shane Carruth,https://www.imdb.com//name/nm1503403/,1972-0-0,"Myrtle Beach, South Carolina, USA"
Andrey Zvyagintsev,https://www.imdb.com//name/nm1168657/,1964-2-6,"Novosibirsk, Novosibirskaya oblast, RSFSR, USSR [now Russia]"
Yorgos Lanthimos,https://www.imdb.com//name/nm0487166/,1973-5-27,"Athens, Greece"
Alan Mak,https://www.imdb.com//name/nm0538320/,1965-1-1,Hong Kong
Lee Unkrich,https://www.imdb.com//name/nm0881279/,1967-8-8,"Cleveland, Ohio, USA"
James Marsh,https://www.imdb.com//name/nm1016428/,1963-4-30,"Truro, Cornwall, England, UK"
Guy Maddin,https://www.imdb.com//name/nm0534665/,1956-2-28,"Winnipeg, Manitoba, Canada"
James Gray,https://www.imdb.com//name/nm0336695/,1969-4-14,"New York City, New York, USA"
Vincent Paronnaud,https://www.imdb.com//name/nm1749112/,1970-0-0,"La Rochelle, Charente-Maritime, France"
Michelangelo Frammartino,https://www.imdb.com//name/nm1506005/,1968-0-0,"Milan, Lombardy, Italy"
Pirjo Honkasalo,https://www.imdb.com//name/nm0393345/,1947-2-22,"Helsinki, Finland"
Peter Watkins,https://www.imdb.com//name/nm0914386/,1935-10-29,"Norbiton, Surrey, England, UK"
Cristian Mungiu,https://www.imdb.com//name/nm0612816/,1968-4-27,"Iasi, Romania"
João Pedro Rodrigues,https://www.imdb.com//name/nm0735134/,1966-0-0,"Lisbon, Portugal"
Susanne Bier,https://www.imdb.com//name/nm0081540/,1960-4-15,"Copenhagen, Denmark"
Lynne Ramsay,https://www.imdb.com//name/nm0708903/,1969-12-5,"Glasgow, Strathclyde, Scotland, UK"
Guillermo Del Toro,https://www.imdb.com//name/nm0868219/,1964-10-9,"Guadalajara, Jalisco, Mexico"
Angela Ricci Lucchi,https://www.imdb.com//name/nm0723187/,1942-0-0,"Lugo, Emilia-Romagna, Italy"
Shari Springer Berman,https://www.imdb.com//name/nm0075849/,1963-7-13,"New York City, New York, USA"
Jonas Mekas,https://www.imdb.com//name/nm0577263/,1922-12-24,"Semeniskiai, Lithuania"
Gurinder Chadha,https://www.imdb.com//name/nm0149446/,1960-1-10,"Nairobi, Kenya"
Sam Raimi,https://www.imdb.com//name/nm0000600/,1959-10-23,"Royal Oak, Michigan, USA"
Jessica Hausner,https://www.imdb.com//name/nm0369618/,1972-10-6,"Vienna, Austria"
Cameron Crowe,https://www.imdb.com//name/nm0001081/,1957-7-13,"Palm Springs, California, USA"
 Ágnes Hranitzky,https://www.imdb.com//name/nm0398555/,1945-7-4,"Derecske, Hungary"
Jean-Marc Vallée,https://www.imdb.com//name/nm0885249/,1963-3-9,"Montreal, Quebec, Canada"
Amma Asante,https://www.imdb.com//name/nm1392994/,1969-0-0,"Streatham, London, England, UK"
Corneliu Porumboiu,https://www.imdb.com//name/nm1717949/,1975-9-14,"Vaslui, Romania"
Kinji Fukasaku,https://www.imdb.com//name/nm0297935/,1930-7-3,"Mito, Japan"
Damián Szifrón,https://www.imdb.com//name/nm1167933/,1975-7-9,"Ramos Mejía, Buenos Aires, Argentina"
Mani Haghighi,https://www.imdb.com//name/nm2155679/,1969-5-4,"Tehran, Iran"
George Miller,https://www.imdb.com//name/nm0004306/,1945-3-3,"Chinchilla, Queensland, Australia"
Robert Altman,https://www.imdb.com//name/nm0000265/,1925-2-20,"Kansas City, Missouri, USA"
Kiyoshi Kurosawa,https://www.imdb.com//name/nm0475905/,1955-7-19,"Kobe, Japan"
S. Craig Zahler,https://www.imdb.com//name/nm0951975/,1973-1-23,"Miami, Florida, USA"
Adam Curtis,https://www.imdb.com//name/nm0193231/,1955-5-26,"Dartford, Kent, England, UK"
Luigi M. Faccini,https://www.imdb.com//name/nm0264825/,1939-11-18,"Lerici, Italy"
Claude Lanzmann,https://www.imdb.com//name/nm0487351/,1925-11-27,"Bois-Colombes, Hauts-de-Seine, France"
Chaitanya Tamhane,https://www.imdb.com//name/nm4058904/,1987-3-1,"Mumbai, Maharashtra, India"
Víctor Erice,https://www.imdb.com//name/nm0258977/,1940-6-30,"Karrantza, Vizcaya, País Vasco, Spain"
David Cronenberg,https://www.imdb.com//name/nm0000343/,1943-3-15,"Toronto, Ontario, Canada"
Johnnie To,https://www.imdb.com//name/nm0864775/,1955-4-22,Hong Kong
Uli Edel,https://www.imdb.com//name/nm0248942/,1947-4-11,"Neuenburg am Rhein, Germany"
Kátia Lund,https://www.imdb.com//name/nm0526199/,1966-0-0,"São Paulo, São Paulo, Brazil"
James Cameron,https://www.imdb.com//name/nm0000116/,1954-8-16,"Kapuskasing, Ontario, Canada"
Martin Scorsese,https://www.imdb.com//name/nm0000217/,1942-11-17,"Queens, New York City, New York, USA"
Richard Kelly,https://www.imdb.com//name/nm0446819/,1975-3-28,"Newport News, Virginia, USA"
Andrew Dominik,https://www.imdb.com//name/nm0231596/,1967-10-7,"Wellington, New Zealand"
Elia Suleiman,https://www.imdb.com//name/nm0837839/,1960-7-28,"Nazareth, Israel"
Ágnes Hranitzky,https://www.imdb.com//name/nm0398555/,1945-7-4,"Derecske, Hungary"
Alain Resnais,https://www.imdb.com//name/nm0720297/,1922-6-3,"Vannes, Morbihan, France"
Ermanno Olmi,https://www.imdb.com//name/nm0647438/,1931-7-24,"Bergamo, Lombardy, Italy"
Ana Lily Amirpour,https://www.imdb.com//name/nm3235877/,1976-7-25,"Margate, Kent, England, UK"
Carlos Reygadas,https://www.imdb.com//name/nm1196161/,1971-10-10,"Mexico City, Distrito Federal, Mexico"
Mike Leigh,https://www.imdb.com//name/nm0005139/,1943-2-20,"Salford, Greater Manchester, England, UK"
Nadine Labaki,https://www.imdb.com//name/nm1701024/,1974-2-18,"Beirut, Lebanon"
Eran Riklis,https://www.imdb.com//name/nm0726954/,1954-10-2,"Beersheba, Israel"
Miguel Gomes,https://www.imdb.com//name/nm0326937/,1972-0-0,"Lisbon, Portugal"
Tommy Lee Jones,https://www.imdb.com//name/nm0000169/,1946-9-15,"San Saba, Texas, USA"
Scandar Copti,https://www.imdb.com//name/nm2738713/,1975-0-0,"Jaffa, Tel Aviv, Israel"
Aki Kaurismäki,https://www.imdb.com//name/nm0442454/,1957-4-4,"Orimattila, Finland"
Thomas Vinterberg,https://www.imdb.com//name/nm0899121/,1969-5-19,"Copenhagen, Denmark"
Peter Tscherkassky,https://www.imdb.com//name/nm0874787/,1958-10-3,"Vienna, Austria"
Pablo Larraín,https://www.imdb.com//name/nm1883257/,1976-8-19,"Santiago, Chile"
